Structure,SegmentedPropertyCategoryCodeSequence.CodingSchemeDesignator,SegmentedPropertyCategoryCodeSequence.CodeValue,SegmentedPropertyCategoryCodeSequence.CodeMeaning,SegmentedPropertyTypeCodeSequence.CodingSchemeDesignator,SegmentedPropertyTypeCodeSequence.CodeValue,SegmentedPropertyTypeCodeSequence.CodeMeaning,SegmentedPropertyTypeModifierCodeSequence.CodingSchemeDesignator,SegmentedPropertyTypeModifierCodeSequence.CodeValue,SegmentedPropertyTypeModifierCodeSequence.CodeMeaning,AnatomicRegionSequence.CodingSchemeDesignator,AnatomicRegionSequence.CodeValue,AnatomicRegionSequence.CodeMeaning,AnatomicRegionModifierSequence.CodingSchemeDesignator,AnatomicRegionModifierSequence.CodeValue,AnatomicRegionModifierSequence.CodeMeaning,recommendedDisplayRGBValue
adrenal_gland_left,SCT,123037004,Anatomical Structure,SCT,23451007,Adrenal gland,SCT,7771000,Left,,,,,,,"[199, 27, 27]"
adrenal_gland_right,SCT,123037004,Anatomical Structure,SCT,23451007,Adrenal gland,SCT,24028007,Right,,,,,,,"[199, 27, 27]"
aorta,SCT,123037004,Anatomical Structure,SCT,15825003,Aorta,,,,,,,,,,"[224, 97, 76]"
autochthon_left,SCT,123037004,Anatomical Structure,SCT,244849004,Deep muscle of back,SCT,7771000,Left,,,,,,,"[192, 104, 88]"
autochthon_right,SCT,123037004,Anatomical Structure,SCT,244849004,Deep muscle of back,SCT,24028007,Right,,,,,,,"[192, 104, 88]"
brain,SCT,123037004,Anatomical Structure,SCT,12738006,Brain,,,,,,,,,,"[250, 250, 225]"
clavicula_left,SCT,123037004,Anatomical Structure,SCT,51299004,Clavicle,SCT,7771000,Left,,,,,,,"[241, 188, 38]"
clavicula_right,SCT,123037004,Anatomical Structure,SCT,51299004,Clavicle,SCT,24028007,Right,,,,,,,"[241, 188, 38]"
colon,SCT,123037004,Anatomical Structure,SCT,71854001,Colon,,,,,,,,,,"[204, 168, 143]"
duodenum,SCT,123037004,Anatomical Structure,SCT,38848004,Duodenum,,,,,,,,,,"[255, 253, 229]"
esophagus,SCT,123037004,Anatomical Structure,SCT,32849002,Esophagus,,,,,,,,,,"[211, 171, 143]"
face,SCT,123037004,Anatomical Structure,SCT,89545001,Face,,,,,,,,,,
femur_left,SCT,123037004,Anatomical Structure,SCT,71341001,Femur,SCT,7771000,Left,,,,,,,"[130, 222, 207]"
femur_right,SCT,123037004,Anatomical Structure,SCT,71341001,Femur,SCT,24028007,Right,,,,,,,"[130, 222, 207]"
gallbladder,SCT,123037004,Anatomical Structure,SCT,28231008,Gallbladder,,,,,,,,,,"[139, 150, 98]"
gluteus_maximus_left,SCT,123037004,Anatomical Structure,SCT,181674001,Gluteus maximus muscle,SCT,7771000,Left,,,,,,,"[192, 104, 88]"
gluteus_maximus_right,SCT,123037004,Anatomical Structure,SCT,181674001,Gluteus maximus muscle,SCT,24028007,Right,,,,,,,"[192, 104, 88]"
gluteus_medius_left,SCT,123037004,Anatomical Structure,SCT,78333006,Gluteus medius muscle,SCT,7771000,Left,,,,,,,"[192, 104, 88]"
gluteus_medius_right,SCT,123037004,Anatomical Structure,SCT,78333006,Gluteus medius muscle,SCT,24028007,Right,,,,,,,"[192, 104, 88]"
gluteus_minimus_left,SCT,123037004,Anatomical Structure,SCT,75297007,Gluteus minius muscle,SCT,7771000,Left,,,,,,,"[192, 104, 88]"
gluteus_minimus_right,SCT,123037004,Anatomical Structure,SCT,75297007,Gluteus minius muscle,SCT,24028007,Right,,,,,,,"[192, 104, 88]"
heart_atrium_left,SCT,123037004,Anatomical Structure,SCT,82471001,Left atrium,,,,,,,,,,"[221, 129, 37]"
heart_atrium_right,SCT,123037004,Anatomical Structure,SCT,73829009,Right atrium,,,,,,,,,,"[221, 129, 37]"
heart_myocardium,SCT,123037004,Anatomical Structure,SCT,74281007,Myocardium,,,,,,,,,,"[192, 104, 88]"
heart_ventricle_left,SCT,123037004,Anatomical Structure,SCT,87878005,Left ventricle of heart,,,,,,,,,,"[152, 55, 13]"
heart_ventricle_right,SCT,123037004,Anatomical Structure,SCT,53085002,Right ventricle of heart,,,,,,,,,,"[181, 85, 57]"
hip_left,SCT,123037004,Anatomical Structure,SCT,29836001,Hip,SCT,7771000,Left,,,,,,,"[241, 214, 145]"
hip_right,SCT,123037004,Anatomical Structure,SCT,29836001,Hip,SCT,24028007,Right,,,,,,,"[241, 214, 145]"
humerus_left,SCT,123037004,Anatomical Structure,SCT,85050009,Humerus,SCT,7771000,Left,,,,,,,"[95, 229, 185]"
humerus_right,SCT,123037004,Anatomical Structure,SCT,85050009,Humerus,SCT,24028007,Right,,,,,,,"[95, 229, 185]"
iliac_artery_left,SCT,123037004,Anatomical Structure,SCT,73634005,Common iliac artery,SCT,7771000,Left,,,,,,,"[217, 162, 48]"
iliac_artery_right,SCT,123037004,Anatomical Structure,SCT,73634005,Common iliac artery,SCT,24028007,Right,,,,,,,"[217, 162, 48]"
iliac_vena_left,SCT,123037004,Anatomical Structure,SCT,46027005,Common iliac vein,SCT,7771000,Left,,,,,,,"[197, 174, 37]"
iliac_vena_right,SCT,123037004,Anatomical Structure,SCT,46027005,Common iliac vein,SCT,24028007,Right,,,,,,,"[197, 174, 37]"
iliopsoas_left,SCT,123037004,Anatomical Structure,SCT,68455001,Iliopsoas muscle,SCT,7771000,Left,,,,,,,"[192, 104, 88]"
iliopsoas_right,SCT,123037004,Anatomical Structure,SCT,68455001,Iliopsoas muscle,SCT,24028007,Right,,,,,,,"[192, 104, 88]"
inferior_vena_cava,SCT,123037004,Anatomical Structure,SCT,64131007,Inferior vena cava,,,,,,,,,,"[110, 165, 54]"
kidney_left,SCT,123037004,Anatomical Structure,SCT,64033007,Kidney,SCT,7771000,Left,,,,,,,"[212, 126, 151]"
kidney_right,SCT,123037004,Anatomical Structure,SCT,64033007,Kidney,SCT,24028007,Right,,,,,,,"[212, 126, 151]"
liver,SCT,123037004,Anatomical Structure,SCT,10200004,Liver,,,,,,,,,,"[221, 130, 101]"
lung_lower_lobe_left,SCT,123037004,Anatomical Structure,SCT,90572001,Lower lobe of lung,SCT,7771000,Left,,,,,,,"[242, 150, 232]"
lung_lower_lobe_right,SCT,123037004,Anatomical Structure,SCT,90572001,Lower lobe of lung,SCT,24028007,Right,,,,,,,"[212, 191, 32]"
lung_middle_lobe_right,SCT,123037004,Anatomical Structure,SCT,72481006,Middle lobe of right lung,,,,,,,,,,"[202, 164, 140]"
lung_upper_lobe_left,SCT,123037004,Anatomical Structure,SCT,45653009,Upper lobe of lung,SCT,7771000,Left,,,,,,,"[112, 162, 95]"
lung_upper_lobe_right,SCT,123037004,Anatomical Structure,SCT,45653009,Upper lobe of lung,SCT,24028007,Right,,,,,,,"[173, 69, 44]"
pancreas,SCT,123037004,Anatomical Structure,SCT,15776009,Pancreas,,,,,,,,,,"[249, 180, 111]"
portal_vein_and_splenic_vein,SCT,123037004,Anatomical Structure,SCT,110765007,Portal vein and splenic vein,,,,,,,,,,"[0, 151, 206]"
pulmonary_artery,SCT,123037004,Anatomical Structure,SCT,81040000,Pulmonary artery,,,,,,,,,,"[0, 122, 171]"
rib_left_1,SCT,123037004,Anatomical Structure,SCT,48535007,First rib,SCT,7771000,Left,,,,,,,"[0, 2, 145]"
rib_left_2,SCT,123037004,Anatomical Structure,SCT,78247007,Second rib,SCT,7771000,Left,,,,,,,"[141, 186, 216]"
rib_left_3,SCT,123037004,Anatomical Structure,SCT,25888004,Third rib,SCT,7771000,Left,,,,,,,"[30, 128, 188]"
rib_left_4,SCT,123037004,Anatomical Structure,SCT,25523003,Fourth rib,SCT,7771000,Left,,,,,,,"[73, 228, 202]"
rib_left_5,SCT,123037004,Anatomical Structure,SCT,15339008,Fifth rib,SCT,7771000,Left,,,,,,,"[8, 82, 73]"
rib_left_6,SCT,123037004,Anatomical Structure,SCT,59558009,Sixth rib,SCT,7771000,Left,,,,,,,"[88, 119, 255]"
rib_left_7,SCT,123037004,Anatomical Structure,SCT,24915002,Seventh rib,SCT,7771000,Left,,,,,,,"[109, 0, 145]"
rib_left_8,SCT,123037004,Anatomical Structure,SCT,5953002,Eighth rib,SCT,7771000,Left,,,,,,,"[164, 216, 199]"
rib_left_9,SCT,123037004,Anatomical Structure,SCT,22565002,Ninth rib,SCT,7771000,Left,,,,,,,"[96, 188, 62]"
rib_left_10,SCT,123037004,Anatomical Structure,SCT,77644006,Tenth rib,SCT,7771000,Left,,,,,,,"[26, 97, 228]"
rib_left_11,SCT,123037004,Anatomical Structure,SCT,58830002,Eleventh rib,SCT,7771000,Left,,,,,,,"[16, 164, 144]"
rib_left_12,SCT,123037004,Anatomical Structure,SCT,43993008,Twelfth rib,SCT,7771000,Left,,,,,,,"[166, 89, 255]"
rib_right_1,SCT,123037004,Anatomical Structure,SCT,48535007,First rib,SCT,24028007,Right,,,,,,,"[0, 2, 145]"
rib_right_2,SCT,123037004,Anatomical Structure,SCT,78247007,Second rib,SCT,24028007,Right,,,,,,,"[141, 186, 216]"
rib_right_3,SCT,123037004,Anatomical Structure,SCT,25888004,Third rib,SCT,24028007,Right,,,,,,,"[30, 128, 188]"
rib_right_4,SCT,123037004,Anatomical Structure,SCT,25523003,Fourth rib,SCT,24028007,Right,,,,,,,"[73, 228, 202]"
rib_right_5,SCT,123037004,Anatomical Structure,SCT,15339008,Fifth rib,SCT,24028007,Right,,,,,,,"[8, 82, 73]"
rib_right_6,SCT,123037004,Anatomical Structure,SCT,59558009,Sixth rib,SCT,24028007,Right,,,,,,,"[88, 119, 255]"
rib_right_7,SCT,123037004,Anatomical Structure,SCT,24915002,Seventh rib,SCT,24028007,Right,,,,,,,"[109, 0, 145]"
rib_right_8,SCT,123037004,Anatomical Structure,SCT,5953002,Eighth rib,SCT,24028007,Right,,,,,,,"[164, 216, 199]"
rib_right_9,SCT,123037004,Anatomical Structure,SCT,22565002,Ninth rib,SCT,24028007,Right,,,,,,,"[96, 188, 62]"
rib_right_10,SCT,123037004,Anatomical Structure,SCT,77644006,Tenth rib,SCT,24028007,Right,,,,,,,"[26, 97, 228]"
rib_right_11,SCT,123037004,Anatomical Structure,SCT,58830002,Eleventh rib,SCT,24028007,Right,,,,,,,"[16, 164, 144]"
rib_right_12,SCT,123037004,Anatomical Structure,SCT,43993008,Twelfth rib,SCT,24028007,Right,,,,,,,"[166, 89, 255]"
sacrum,SCT,123037004,Anatomical Structure,SCT,54735007,Sacrum,,,,,,,,,,"[163, 140, 140]"
scapula_left,SCT,123037004,Anatomical Structure,SCT,79601000,Scapula,SCT,7771000,Left,,,,,,,"[199, 204, 131]"
scapula_right,SCT,123037004,Anatomical Structure,SCT,79601000,Scapula,SCT,24028007,Right,,,,,,,"[199, 204, 131]"
small_bowel,SCT,123037004,Anatomical Structure,SCT,30315005,Small Intestine,,,,,,,,,,"[205, 167, 142]"
spleen,SCT,123037004,Anatomical Structure,SCT,78961009,Spleen,,,,,,,,,,"[157, 108, 162]"
stomach,SCT,123037004,Anatomical Structure,SCT,69695003,Stomach,,,,,,,,,,"[160, 139, 76]"
trachea,SCT,123037004,Anatomical Structure,SCT,44567001,Trachea,,,,,,,,,,"[182, 228, 255]"
urinary_bladder,SCT,123037004,Anatomical Structure,SCT,89837001,Urinary bladder,,,,,,,,,,"[222, 154, 132]"
vertebrae_S1,SCT,123037004,Anatomical Structure,SCT,65985001,S1 vertebra,,,,,,,,,,
vertebrae_C1,SCT,123037004,Anatomical Structure,SCT,14806007,C1 vertebra,,,,,,,,,,"[255, 186, 107]"
vertebrae_C2,SCT,123037004,Anatomical Structure,SCT,39976000,C2 vertebra,,,,,,,,,,"[193, 99, 36]"
vertebrae_C3,SCT,123037004,Anatomical Structure,SCT,113205007,C3 vertebra,,,,,,,,,,"[167, 117, 152]"
vertebrae_C4,SCT,123037004,Anatomical Structure,SCT,5329002,C4 vertebra,,,,,,,,,,"[250, 14, 116]"
vertebrae_C5,SCT,123037004,Anatomical Structure,SCT,36978003,C5 vertebra,,,,,,,,,,"[118, 40, 9]"
vertebrae_C6,SCT,123037004,Anatomical Structure,SCT,36054005,C6 vertebra,,,,,,,,,,"[253, 134, 125]"
vertebrae_C7,SCT,123037004,Anatomical Structure,SCT,87391001,C7 vertebra,,,,,,,,,,"[255, 0, 0]"
vertebrae_L1,SCT,123037004,Anatomical Structure,SCT,66794005,L1 vertebra,,,,,,,,,,"[255, 255, 1]"
vertebrae_L2,SCT,123037004,Anatomical Structure,SCT,14293000,L2 vertebra,,,,,,,,,,"[255, 144, 32]"
vertebrae_L3,SCT,123037004,Anatomical Structure,SCT,36470004,L3 vertebra,,,,,,,,,,"[157, 126, 0]"
vertebrae_L4,SCT,123037004,Anatomical Structure,SCT,11994002,L4 vertebra,,,,,,,,,,"[255, 255, 128]"
vertebrae_L5,SCT,123037004,Anatomical Structure,SCT,49668003,L5 vertebra,,,,,,,,,,"[117, 78, 55]"
vertebrae_T1,SCT,123037004,Anatomical Structure,SCT,64864005,T1 vertebra,,,,,,,,,,"[0, 2, 145]"
vertebrae_T2,SCT,123037004,Anatomical Structure,SCT,53733008,T2 vertebra,,,,,,,,,,"[141, 186, 216]"
vertebrae_T3,SCT,123037004,Anatomical Structure,SCT,1626008,T3 vertebra,,,,,,,,,,"[30, 128, 188]"
vertebrae_T4,SCT,123037004,Anatomical Structure,SCT,73071006,T4 vertebra,,,,,,,,,,"[73, 228, 202]"
vertebrae_T5,SCT,123037004,Anatomical Structure,SCT,56401006,T5 vertebra,,,,,,,,,,"[8, 82, 73]"
vertebrae_T6,SCT,123037004,Anatomical Structure,SCT,45296009,T6 vertebra,,,,,,,,,,"[88, 119, 255]"
vertebrae_T7,SCT,123037004,Anatomical Structure,SCT,62487009,T7 vertebra,,,,,,,,,,"[109, 0, 145]"
vertebrae_T8,SCT,123037004,Anatomical Structure,SCT,11068009,T8 vertebra,,,,,,,,,,"[164, 216, 199]"
vertebrae_T9,SCT,123037004,Anatomical Structure,SCT,82687006,T9 vertebra,,,,,,,,,,"[96, 188, 62]"
vertebrae_T10,SCT,123037004,Anatomical Structure,SCT,7610001,T10 vertebra,,,,,,,,,,"[26, 97, 228]"
vertebrae_T11,SCT,123037004,Anatomical Structure,SCT,12989004,T11 vertebra,,,,,,,,,,"[16, 164, 144]"
vertebrae_T12,SCT,123037004,Anatomical Structure,SCT,23215003,T12 vertebra,,,,,,,,,,"[166, 89, 255]"
heart,SCT,123037004,Anatomical Structure,SCT,80891009,Heart,,,,,,,,,,
pulmonary_vein,SCT,123037004,Anatomical Structure,SCT,122972007,Pulmonary vein,,,,,,,,,,
brachiocephalic_trunk,SCT,123037004,Anatomical Structure,SCT,12691009,Brachiocephalic artery,,,,,,,,,,
subclavian_artery_right,SCT,123037004,Anatomical Structure,SCT,29700009,Subclavian artery,SCT,24028007,Right,,,,,,,
subclavian_artery_left,SCT,123037004,Anatomical Structure,SCT,29700009,Subclavian artery,SCT,7771000,Left,,,,,,,
common_carotid_artery_right,SCT,123037004,Anatomical Structure,SCT,32062004,Common carotid artery,SCT,24028007,Right,,,,,,,
common_carotid_artery_left,SCT,123037004,Anatomical Structure,SCT,32062004,Common carotid artery,SCT,7771000,Left,,,,,,,
brachiocephalic_vein_left,SCT,123037004,Anatomical Structure,SCT,8887007,Brachiocephalic vein,SCT,7771000,Left,,,,,,,
brachiocephalic_vein_right,SCT,123037004,Anatomical Structure,SCT,8887007,Brachiocephalic vein,SCT,24028007,Right,,,,,,,
atrial_appendage_left,SCT,123037004,Anatomical Structure,SCT,68786006,Auricular appendage,SCT,7771000,Left,,,,,,,
superior_vena_cava,SCT,123037004,Anatomical Structure,SCT,48345005,Superior vena cava,,,,,,,,,,
kidney_cyst_left,SCT,49755003,Morphologically Altered Structure,SCT,367643001,Cyst,,,,SCT,64033007,Kidney,SCT,7771000,Left,
kidney_cyst_right,SCT,49755003,Morphologically Altered Structure,SCT,367643001,Cyst,,,,SCT,64033007,Kidney,SCT,24028007,Right,
prostate,SCT,123037004,Anatomical Structure,SCT,41216001,Prostate,,,,,,,,,,
femur,SCT,123037004,Anatomical Structure,SCT,71341001,Femur,,,,,,,,,,
patella,SCT,123037004,Anatomical Structure,SCT,64234005,Patella,,,,,,,,,,
tibia,SCT,123037004,Anatomical Structure,SCT,12611008,Tibia,,,,,,,,,,
fibula,SCT,123037004,Anatomical Structure,SCT,87342007,Fibula,,,,,,,,,,
tarsal,SCT,123037004,Anatomical Structure,SCT,108371006,Tarsal bones,,,,,,,,,,
metatarsal,SCT,123037004,Anatomical Structure,SCT,53884002,Metatarsal,,,,,,,,,,
phalanges_feet,SCT,123037004,Anatomical Structure,SCT,28641004,Phalanx structure,,,,,,,,,,
humerus,SCT,123037004,Anatomical Structure,SCT,85050009,Humerus,,,,,,,,,,
ulna,SCT,123037004,Anatomical Structure,SCT,23416004,Ulna,,,,,,,,,,
radius,SCT,123037004,Anatomical Structure,SCT,62413002,Radius,,,,,,,,,,
carpal,SCT,123037004,Anatomical Structure,SCT,83936004,Carpus,,,,,,,,,,
metacarpal,SCT,123037004,Anatomical Structure,SCT,36455000,Metacarpal bones,,,,,,,,,,
phalanges_hand,SCT,123037004,Anatomical Structure,SCT,28641004,Phalanx structure,,,,,,,,,,
sternum,SCT,123037004,Anatomical Structure,SCT,56873002,Sternum,,,,,,,,,,
skull,SCT,123037004,Anatomical Structure,SCT,89546000,Skull,,,,,,,,,,
subcutaneous_fat,SCT,85756007,Tissue,SCT,67769002,Subcutaneous fatty tissue,,,,,,,,,,
skeletal_muscle,SCT,123037004,Anatomical Structure,SCT,127954009,Skeletal muscle,,,,,,,,,,
torso_fat,SCT,85756007,Tissue,SCT,55603005,Fat,,,,SCT,22943007,Trunk,,,,
spinal_cord,SCT,123037004,Anatomical Structure,SCT,2748008,Spinal cord,,,,,,,,,,
lung_covid_infiltrate,SCT,49755003,Morphologically Altered Structure,SCT,47351003,Infiltrate,SCT,840539006,COVID-19,SCT,39607008,Lung,,,,
intracerebral_hemorrhage,SCT,49755003,Morphologically Altered Structure,SCT,50960005,Hemorrhage,,,,SCT,12738006,Brain,,,,
hip_implant,SCT,260787004,Physical object,SCT,40388003,Implant,,,,SCT,24136001,Hip joint,,,,
coronary_arteries,SCT,123037004,Anatomical Structure,SCT,41801008,Coronary artery,,,,,,,,,,
kidney,SCT,123037004,Anatomical Structure,SCT,64033007,Kidney,,,,,,,,,,
adrenal_gland,SCT,123037004,Anatomical Structure,SCT,23451007,Adrenal gland,,,,,,,,,,
thyroid_gland,SCT,123037004,Anatomical Structure,SCT,69748006,Thyroid gland,,,,,,,,,,
vertebrae_lumbar,SCT,123037004,Anatomical Structure,SCT,51282000,Vertebra,,,,SCT,122496007,Lumbar spine,,,,
vertebrae_thoracic,SCT,123037004,Anatomical Structure,SCT,51282000,Vertebra,,,,SCT,122495006,Thoracic spine,,,,
vertebrae_cervical,SCT,123037004,Anatomical Structure,SCT,51282000,Vertebra,,,,SCT,122494005,Cervical spine,,,,
iliac_artery,SCT,123037004,Anatomical Structure,SCT,73634005,Common iliac artery,,,,,,,,,,
iliac_vena,SCT,123037004,Anatomical Structure,SCT,46027005,Common iliac vein,,,,,,,,,,
ribs,SCT,123037004,Anatomical Structure,SCT,113197003,Rib,,,,,,,,,,
scapula,SCT,123037004,Anatomical Structure,SCT,79601000,Scapula,,,,,,,,,,
clavicula,SCT,123037004,Anatomical Structure,SCT,51299004,Clavicle,,,,,,,,,,
hip,SCT,123037004,Anatomical Structure,SCT,29836001,Hip,,,,,,,,,,
gluteus_maximus,SCT,123037004,Anatomical Structure,SCT,181674001,Gluteus maximus muscle,,,,,,,,,,
gluteus_medius,SCT,123037004,Anatomical Structure,SCT,78333006,Gluteus medius muscle,,,,,,,,,,
gluteus_minimus,SCT,123037004,Anatomical Structure,SCT,78333006,Gluteus medius muscle,,,,,,,,,,
autochthon,SCT,123037004,Anatomical Structure,SCT,244849004,Deep muscle of back,,,,,,,,,,
iliopsoas,SCT,123037004,Anatomical Structure,SCT,68455001,Iliopsoas muscle,,,,,,,,,,
lung_vessels,SCT,123037004,Anatomical Structure,SCT,59820001,Blood vessel,,,,SCT,39607008,Lung,,,,
lung_trachea_bronchia,SCT,123037004,Anatomical Structure,SCT,110726009,Trachea and bronchus,,,,,,,,,,
body_trunc,SCT,123037004,Anatomical Structure,SCT,22943007,Trunk,,,,,,,,,,
body_extremities,SCT,123037004,Anatomical Structure,SCT,66019005,Limb,,,,,,,,,,
vertebrae_body,SCT,123037004,Anatomical Structure,SCT,3572006,Vertebral body,,,,,,,,,,
lung_pleural,SCT,123037004,Anatomical Structure,SCT,3120008,Pleural membrane,,,,,,,,,,
pleural_effusion,SCT,49755003,Morphologically Altered Structure,SCT,41699000,Effusion,,,,SCT,91381003,Pleural cavity,,,,
pericardial_effusion,SCT,49755003,Morphologically Altered Structure,SCT,41699000,Effusion,,,,SCT,25489000,Pericardial cavity,,,,
liver_vessels,SCT,123037004,Anatomical Structure,SCT,59820001,Blood vessel,,,,SCT,10200004,Liver,,,,
liver_tumor,SCT,49755003,Morphologically Altered Structure,SCT,108369006,Neoplasm,,,,SCT,10200004,Liver,,,,
costal_cartilages,SCT,123037004,Anatomical Structure,SCT,50016007,Costal cartilage,,,,,,,,,,
